	sniff_time	dest_ip	dest_port
0	2018-03-18 12:41:40.952762	58	TCP
1	2018-03-18 12:41:40.952817	58	TCP
2	2018-03-18 12:41:40.952939	54	TCP
3	2018-03-18 12:41:40.952944	766	HTTP
4	2018-03-18 12:41:40.952983	54	TCP
5	2018-03-18 12:41:41.053331	7354	TCP
6	2018-03-18 12:41:41.053442	1754	TCP
7	2018-03-18 12:41:41.053574	54	TCP
8	2018-03-18 12:41:41.053580	54	TCP
9	2018-03-18 12:41:41.053583	54	TCP
10	2018-03-18 12:41:41.053585	54	TCP
11	2018-03-18 12:41:41.053587	54	TCP
12	2018-03-18 12:41:41.053589	54	TCP
13	2018-03-18 12:41:41.053592	54	TCP
14	2018-03-18 12:41:41.053671	525	TCP
15	2018-03-18 12:41:41.053751	54	TCP
16	2018-03-18 12:41:41.056015	459	DATA-TEXT-LINES
17	2018-03-18 12:41:41.056201	54	TCP
18	2018-03-18 12:41:41.081545	703	HTTP
19	2018-03-18 12:41:41.081603	54	TCP
20	2018-03-18 12:41:41.083664	5023	TCP
21	2018-03-18 12:41:41.083876	59	DATA-TEXT-LINES
22	2018-03-18 12:41:41.084384	54	TCP
23	2018-03-18 12:41:41.084393	54	TCP
24	2018-03-18 12:41:41.084396	54	TCP
25	2018-03-18 12:41:41.084398	54	TCP
26	2018-03-18 12:41:41.084401	54	TCP
27	2018-03-18 12:41:43.605212	765	HTTP
28	2018-03-18 12:41:43.606702	211	HTTP
29	2018-03-18 12:41:43.606958	54	TCP
30	2018-03-18 12:41:43.610774	780	HTTP
31	2018-03-18 12:41:43.644613	7354	TCP
32	2018-03-18 12:41:43.644783	1754	TCP
33	2018-03-18 12:41:43.644849	54	TCP
34	2018-03-18 12:41:43.644855	54	TCP
35	2018-03-18 12:41:43.644857	54	TCP
36	2018-03-18 12:41:43.644859	54	TCP
37	2018-03-18 12:41:43.644975	54	TCP
38	2018-03-18 12:41:43.644979	54	TCP
39	2018-03-18 12:41:43.645023	525	TCP
40	2018-03-18 12:41:43.645127	54	TCP
41	2018-03-18 12:41:43.649155	459	DATA-TEXT-LINES
42	2018-03-18 12:41:43.649601	54	TCP
43	2018-03-18 12:41:43.678907	717	HTTP
44	2018-03-18 12:41:43.680480	5023	TCP
45	2018-03-18 12:41:43.680721	54	TCP
46	2018-03-18 12:41:43.680727	54	TCP
47	2018-03-18 12:41:43.680731	54	TCP
48	2018-03-18 12:41:43.680853	59	DATA-TEXT-LINES
49	2018-03-18 12:41:43.681890	54	TCP
50	2018-03-18 12:41:45.960085	42	ARP
51	2018-03-18 12:41:45.960107	42	ARP
52	2018-03-18 12:41:46.801015	854	HTTP
53	2018-03-18 12:41:46.839973	54	TCP
54	2018-03-18 12:41:47.434008	7354	TCP
55	2018-03-18 12:41:47.434150	1754	TCP
56	2018-03-18 12:41:47.434278	928	TCP
57	2018-03-18 12:41:47.434389	54	TCP
58	2018-03-18 12:41:47.434396	54	TCP
59	2018-03-18 12:41:47.434399	54	TCP
60	2018-03-18 12:41:47.434402	54	TCP
61	2018-03-18 12:41:47.434404	54	TCP
62	2018-03-18 12:41:47.434406	54	TCP
63	2018-03-18 12:41:47.434409	54	TCP
64	2018-03-18 12:41:47.434607	54	TCP
65	2018-03-18 12:41:47.455466	459	DATA-TEXT-LINES
66	2018-03-18 12:41:47.456627	54	TCP
67	2018-03-18 12:41:52.048495	851	HTTP
68	2018-03-18 12:41:52.048577	54	TCP
69	2018-03-18 12:41:52.406106	7354	TCP
70	2018-03-18 12:41:52.406210	1754	TCP
71	2018-03-18 12:41:52.406303	54	TCP
72	2018-03-18 12:41:52.406310	54	TCP
73	2018-03-18 12:41:52.406313	54	TCP
74	2018-03-18 12:41:52.406315	54	TCP
75	2018-03-18 12:41:52.406317	54	TCP
76	2018-03-18 12:41:52.406319	54	TCP
77	2018-03-18 12:41:52.406395	499	TCP
78	2018-03-18 12:41:52.406458	54	TCP
79	2018-03-18 12:41:52.407464	54	TCP
80	2018-03-18 12:41:52.411073	459	DATA-TEXT-LINES
81	2018-03-18 12:41:52.411273	54	TCP
82	2018-03-18 12:41:52.431239	762	HTTP
83	2018-03-18 12:41:52.431260	58	TCP
84	2018-03-18 12:41:52.431328	54	TCP
85	2018-03-18 12:41:52.431457	58	TCP
86	2018-03-18 12:41:52.432476	54	TCP
87	2018-03-18 12:41:52.432486	739	HTTP
88	2018-03-18 12:41:52.432554	54	TCP
89	2018-03-18 12:41:52.434156	1379	TCP
90	2018-03-18 12:41:52.434341	54	TCP
91	2018-03-18 12:41:52.434500	59	DATA-TEXT-LINES
92	2018-03-18 12:41:52.434786	54	TCP
93	2018-03-18 12:41:52.441058	5023	TCP
94	2018-03-18 12:41:52.441323	59	DATA-TEXT-LINES
95	2018-03-18 12:41:52.442464	54	TCP
96	2018-03-18 12:41:52.442472	54	TCP
97	2018-03-18 12:41:52.442475	54	TCP
98	2018-03-18 12:41:52.442478	54	TCP
99	2018-03-18 12:41:52.442481	54	TCP
100	2018-03-18 12:41:56.704589	838	HTTP
101	2018-03-18 12:41:56.746076	54	TCP
102	2018-03-18 12:41:57.589270	7354	TCP
103	2018-03-18 12:41:57.589374	1754	TCP
104	2018-03-18 12:41:57.589431	54	TCP
105	2018-03-18 12:41:57.589437	54	TCP
106	2018-03-18 12:41:57.589482	54	TCP
107	2018-03-18 12:41:57.589485	54	TCP
108	2018-03-18 12:41:57.589486	54	TCP
109	2018-03-18 12:41:57.589488	54	TCP
110	2018-03-18 12:41:57.589490	54	TCP
111	2018-03-18 12:41:57.589560	1599	TCP
112	2018-03-18 12:41:57.589664	54	TCP
113	2018-03-18 12:41:57.589669	54	TCP
114	2018-03-18 12:41:57.598533	459	DATA-TEXT-LINES
115	2018-03-18 12:41:57.603282	54	TCP
116	2018-03-18 12:41:57.615981	749	HTTP
117	2018-03-18 12:41:57.615989	726	HTTP
118	2018-03-18 12:41:57.616046	54	TCP
119	2018-03-18 12:41:57.624890	5023	TCP
120	2018-03-18 12:41:57.625069	59	DATA-TEXT-LINES
121	2018-03-18 12:41:57.625395	54	TCP
122	2018-03-18 12:41:57.625402	54	TCP
123	2018-03-18 12:41:57.625404	54	TCP
124	2018-03-18 12:41:57.626450	54	TCP
125	2018-03-18 12:41:57.632270	1379	TCP
126	2018-03-18 12:41:57.632467	59	DATA-TEXT-LINES
127	2018-03-18 12:41:57.632649	54	TCP
128	2018-03-18 12:41:57.632655	54	TCP
129	2018-03-18 12:42:02.304678	843	HTTP
130	2018-03-18 12:42:02.347978	54	TCP
131	2018-03-18 12:42:02.752090	7354	TCP
132	2018-03-18 12:42:02.752209	1754	TCP
133	2018-03-18 12:42:02.752343	54	TCP
134	2018-03-18 12:42:02.752347	54	TCP
135	2018-03-18 12:42:02.752349	54	TCP
136	2018-03-18 12:42:02.752350	54	TCP
137	2018-03-18 12:42:02.752351	54	TCP
138	2018-03-18 12:42:02.752504	54	TCP
139	2018-03-18 12:42:02.752507	54	TCP
140	2018-03-18 12:42:02.758613	6424	TCP
141	2018-03-18 12:42:02.759316	54	TCP
142	2018-03-18 12:42:02.759324	54	TCP
143	2018-03-18 12:42:02.759327	54	TCP
144	2018-03-18 12:42:02.759329	54	TCP
145	2018-03-18 12:42:02.759332	54	TCP
146	2018-03-18 12:42:02.775065	778	HTTP
147	2018-03-18 12:42:02.789445	4132	PNG
148	2018-03-18 12:42:02.789689	54	TCP
149	2018-03-18 12:42:02.789696	54	TCP
150	2018-03-18 12:42:02.792394	783	HTTP
151	2018-03-18 12:42:02.798007	1542	PNG
152	2018-03-18 12:42:02.798278	54	TCP
153	2018-03-18 12:42:02.801480	783	HTTP
154	2018-03-18 12:42:02.806881	2654	PNG
155	2018-03-18 12:42:02.807084	54	TCP
156	2018-03-18 12:42:02.809691	781	HTTP
157	2018-03-18 12:42:02.813676	58	TCP
158	2018-03-18 12:42:02.813842	58	TCP
159	2018-03-18 12:42:02.813956	58	TCP
160	2018-03-18 12:42:02.813960	54	TCP
161	2018-03-18 12:42:02.814007	58	TCP
162	2018-03-18 12:42:02.814215	54	TCP
163	2018-03-18 12:42:02.814221	58	TCP
164	2018-03-18 12:42:02.814258	58	TCP
165	2018-03-18 12:42:02.814612	54	TCP
166	2018-03-18 12:42:02.814659	58	TCP
167	2018-03-18 12:42:02.814667	776	HTTP
168	2018-03-18 12:42:02.814669	793	HTTP
169	2018-03-18 12:42:02.814672	777	HTTP
170	2018-03-18 12:42:02.814847	58	TCP
171	2018-03-18 12:42:02.814935	54	TCP
172	2018-03-18 12:42:02.815010	54	TCP
173	2018-03-18 12:42:02.815064	54	TCP
174	2018-03-18 12:42:02.815141	54	TCP
175	2018-03-18 12:42:02.815145	783	HTTP
176	2018-03-18 12:42:02.815260	54	TCP
177	2018-03-18 12:42:02.820850	1392	PNG
178	2018-03-18 12:42:02.821015	54	TCP
179	2018-03-18 12:42:02.822303	3182	PNG
180	2018-03-18 12:42:02.822590	54	TCP
181	2018-03-18 12:42:02.822596	54	TCP
182	2018-03-18 12:42:02.822598	54	TCP
183	2018-03-18 12:42:02.823073	783	HTTP
184	2018-03-18 12:42:02.824984	783	HTTP
185	2018-03-18 12:42:02.835772	3603	PNG
186	2018-03-18 12:42:02.836179	54	TCP
187	2018-03-18 12:42:02.836186	54	TCP
188	2018-03-18 12:42:02.836188	54	TCP
189	2018-03-18 12:42:02.838202	783	HTTP
190	2018-03-18 12:42:02.848070	54	TCP
191	2018-03-18 12:42:02.863436	54	TCP
192	2018-03-18 12:42:02.864318	54	TCP
193	2018-03-18 12:42:02.875951	54	TCP
194	2018-03-18 12:42:02.876248	1673	PNG
195	2018-03-18 12:42:02.876408	54	TCP
196	2018-03-18 12:42:02.876412	54	TCP
197	2018-03-18 12:42:02.877706	4549	PNG
198	2018-03-18 12:42:02.878051	54	TCP
199	2018-03-18 12:42:02.878174	54	TCP
200	2018-03-18 12:42:02.878177	54	TCP
201	2018-03-18 12:42:02.878179	54	TCP
202	2018-03-18 12:42:02.878182	783	HTTP
203	2018-03-18 12:42:02.878224	54	TCP
204	2018-03-18 12:42:02.880002	783	HTTP
205	2018-03-18 12:42:02.880077	54	TCP
206	2018-03-18 12:42:02.886321	1713	PNG
207	2018-03-18 12:42:02.886627	54	TCP
208	2018-03-18 12:42:02.886656	54	TCP
209	2018-03-18 12:42:02.888104	783	HTTP
210	2018-03-18 12:42:02.888792	1742	PNG
211	2018-03-18 12:42:02.888969	54	TCP
212	2018-03-18 12:42:02.888974	54	TCP
213	2018-03-18 12:42:02.890844	783	HTTP
214	2018-03-18 12:42:02.890889	54	TCP
215	2018-03-18 12:42:02.899336	1701	PNG
216	2018-03-18 12:42:02.900592	54	TCP
217	2018-03-18 12:42:02.900609	54	TCP
218	2018-03-18 12:42:02.902633	783	HTTP
219	2018-03-18 12:42:02.906764	1635	PNG
220	2018-03-18 12:42:02.907021	54	TCP
221	2018-03-18 12:42:02.908712	783	HTTP
222	2018-03-18 12:42:02.912347	1553	PNG
223	2018-03-18 12:42:02.912530	54	TCP
224	2018-03-18 12:42:02.912535	54	TCP
225	2018-03-18 12:42:02.914611	783	HTTP
226	2018-03-18 12:42:02.914665	54	TCP
227	2018-03-18 12:42:02.921132	1702	PNG
228	2018-03-18 12:42:02.921383	54	TCP
229	2018-03-18 12:42:02.921390	54	TCP
230	2018-03-18 12:42:02.923145	783	HTTP
231	2018-03-18 12:42:02.923186	54	TCP
232	2018-03-18 12:42:02.923502	1578	PNG
233	2018-03-18 12:42:02.923661	54	TCP
234	2018-03-18 12:42:02.923666	54	TCP
235	2018-03-18 12:42:02.925232	783	HTTP
236	2018-03-18 12:42:02.925268	54	TCP
237	2018-03-18 12:42:02.936488	1653	PNG
238	2018-03-18 12:42:02.936673	54	TCP
239	2018-03-18 12:42:02.939384	783	HTTP
240	2018-03-18 12:42:02.940026	54	TCP
241	2018-03-18 12:42:02.944562	1679	PNG
242	2018-03-18 12:42:02.944741	54	TCP
243	2018-03-18 12:42:02.944746	54	TCP
244	2018-03-18 12:42:02.946796	783	HTTP
245	2018-03-18 12:42:02.967698	1694	PNG
246	2018-03-18 12:42:02.967915	54	TCP
247	2018-03-18 12:42:02.970352	783	HTTP
248	2018-03-18 12:42:02.973401	1566	PNG
249	2018-03-18 12:42:02.973586	54	TCP
250	2018-03-18 12:42:02.973591	54	TCP
251	2018-03-18 12:42:02.975219	783	HTTP
252	2018-03-18 12:42:02.975320	54	TCP
253	2018-03-18 12:42:02.975954	54	TCP
254	2018-03-18 12:42:02.976650	1728	PNG
255	2018-03-18 12:42:02.976849	54	TCP
256	2018-03-18 12:42:02.978683	783	HTTP
257	2018-03-18 12:42:02.979161	1552	PNG
258	2018-03-18 12:42:02.979328	54	TCP
259	2018-03-18 12:42:02.979333	54	TCP
260	2018-03-18 12:42:02.981173	783	HTTP
261	2018-03-18 12:42:02.981275	54	TCP
262	2018-03-18 12:42:02.986969	1675	PNG
263	2018-03-18 12:42:02.987146	54	TCP
264	2018-03-18 12:42:02.987180	54	TCP
265	2018-03-18 12:42:02.988962	783	HTTP
266	2018-03-18 12:42:02.993210	1645	PNG
267	2018-03-18 12:42:02.993406	54	TCP
268	2018-03-18 12:42:02.995191	783	HTTP
269	2018-03-18 12:42:02.996684	1635	PNG
270	2018-03-18 12:42:02.996870	54	TCP
271	2018-03-18 12:42:02.998694	783	HTTP
272	2018-03-18 12:42:03.002779	1604	PNG
273	2018-03-18 12:42:03.002954	54	TCP
274	2018-03-18 12:42:03.005131	783	HTTP
275	2018-03-18 12:42:03.009776	1507	PNG
276	2018-03-18 12:42:03.009962	54	TCP
277	2018-03-18 12:42:03.011643	783	HTTP
278	2018-03-18 12:42:03.016672	1592	PNG
279	2018-03-18 12:42:03.016842	54	TCP
280	2018-03-18 12:42:03.018782	783	HTTP
281	2018-03-18 12:42:03.039334	1600	PNG
282	2018-03-18 12:42:03.039564	54	TCP
283	2018-03-18 12:42:03.039571	54	TCP
284	2018-03-18 12:42:03.042146	783	HTTP
285	2018-03-18 12:42:03.042213	54	TCP
286	2018-03-18 12:42:03.043606	1659	PNG
287	2018-03-18 12:42:03.043785	54	TCP
288	2018-03-18 12:42:03.050232	1722	PNG
289	2018-03-18 12:42:03.050424	54	TCP
290	2018-03-18 12:42:03.050429	54	TCP
291	2018-03-18 12:42:03.052156	1756	PNG
292	2018-03-18 12:42:03.052357	54	TCP
293	2018-03-18 12:42:03.052362	54	TCP
294	2018-03-18 12:42:03.054184	1650	PNG
295	2018-03-18 12:42:03.054582	54	TCP
296	2018-03-18 12:42:03.054638	54	TCP
297	2018-03-18 12:42:03.055977	54	TCP
298	2018-03-18 12:42:03.061624	459	DATA-TEXT-LINES
299	2018-03-18 12:42:03.061796	54	TCP
300	2018-03-18 12:42:03.069116	1534	PNG
301	2018-03-18 12:42:03.069386	54	TCP
302	2018-03-18 12:42:03.069398	54	TCP
303	2018-03-18 12:42:07.154014	859	HTTP
304	2018-03-18 12:42:07.154076	54	TCP
305	2018-03-18 12:42:07.252508	7354	TCP
306	2018-03-18 12:42:07.252627	1754	TCP
307	2018-03-18 12:42:07.252691	54	TCP
308	2018-03-18 12:42:07.252696	54	TCP
309	2018-03-18 12:42:07.252770	54	TCP
310	2018-03-18 12:42:07.252772	54	TCP
311	2018-03-18 12:42:07.252774	54	TCP
312	2018-03-18 12:42:07.252775	54	TCP
313	2018-03-18 12:42:07.252777	54	TCP
314	2018-03-18 12:42:07.252898	874	TCP
315	2018-03-18 12:42:07.252985	54	TCP
316	2018-03-18 12:42:07.265234	459	DATA-TEXT-LINES
317	2018-03-18 12:42:07.267440	54	TCP
318	2018-03-18 12:42:08.434340	979	HTTP
319	2018-03-18 12:42:08.434384	54	TCP
320	2018-03-18 12:42:08.503331	7354	TCP
321	2018-03-18 12:42:08.503440	1754	TCP
322	2018-03-18 12:42:08.503528	2256	TCP
323	2018-03-18 12:42:08.503625	54	TCP
324	2018-03-18 12:42:08.503629	54	TCP
325	2018-03-18 12:42:08.503631	54	TCP
326	2018-03-18 12:42:08.503632	54	TCP
327	2018-03-18 12:42:08.503633	54	TCP
328	2018-03-18 12:42:08.503635	54	TCP
329	2018-03-18 12:42:08.503636	54	TCP
330	2018-03-18 12:42:08.503638	54	TCP
331	2018-03-18 12:42:08.503640	54	TCP
332	2018-03-18 12:42:08.510017	459	DATA-TEXT-LINES
333	2018-03-18 12:42:08.510989	54	TCP
334	2018-03-18 12:42:13.865990	812	HTTP
335	2018-03-18 12:42:13.866035	54	TCP
336	2018-03-18 12:42:13.908798	7354	TCP
337	2018-03-18 12:42:13.909020	54	TCP
338	2018-03-18 12:42:13.909026	54	TCP
339	2018-03-18 12:42:13.909028	54	TCP
340	2018-03-18 12:42:13.909030	54	TCP
341	2018-03-18 12:42:13.909032	54	TCP
342	2018-03-18 12:42:13.909290	1754	TCP
343	2018-03-18 12:42:13.909454	54	TCP
344	2018-03-18 12:42:13.909460	54	TCP
345	2018-03-18 12:42:13.909494	468	TCP
346	2018-03-18 12:42:13.909924	54	TCP
347	2018-03-18 12:42:13.919997	714	HTTP
348	2018-03-18 12:42:13.920060	54	TCP
349	2018-03-18 12:42:13.921516	5023	TCP
350	2018-03-18 12:42:13.921763	54	TCP
351	2018-03-18 12:42:13.921770	54	TCP
352	2018-03-18 12:42:13.921773	54	TCP
353	2018-03-18 12:42:13.921776	54	TCP
354	2018-03-18 12:42:13.921927	59	DATA-TEXT-LINES
355	2018-03-18 12:42:13.922111	54	TCP
356	2018-03-18 12:42:13.923712	459	DATA-TEXT-LINES
357	2018-03-18 12:42:13.925302	54	TCP
358	2018-03-18 12:42:18.008579	841	HTTP
359	2018-03-18 12:42:18.008628	54	TCP
360	2018-03-18 12:42:18.538495	7354	TCP
361	2018-03-18 12:42:18.538596	1754	TCP
362	2018-03-18 12:42:18.538801	54	TCP
363	2018-03-18 12:42:18.538809	54	TCP
364	2018-03-18 12:42:18.538812	54	TCP
365	2018-03-18 12:42:18.538814	54	TCP
366	2018-03-18 12:42:18.538816	54	TCP
367	2018-03-18 12:42:18.538818	54	TCP
368	2018-03-18 12:42:18.538821	54	TCP
369	2018-03-18 12:42:18.538918	1228	TCP
370	2018-03-18 12:42:18.539036	54	TCP
371	2018-03-18 12:42:18.615525	459	DATA-TEXT-LINES
372	2018-03-18 12:42:18.615798	54	TCP
373	2018-03-18 12:42:22.042459	968	HTTP
374	2018-03-18 12:42:22.042520	54	TCP
375	2018-03-18 12:42:22.140692	7354	TCP
376	2018-03-18 12:42:22.140792	1754	TCP
377	2018-03-18 12:42:22.140886	54	TCP
378	2018-03-18 12:42:22.140893	54	TCP
379	2018-03-18 12:42:22.140896	54	TCP
380	2018-03-18 12:42:22.140898	54	TCP
381	2018-03-18 12:42:22.140925	54	TCP
382	2018-03-18 12:42:22.140931	54	TCP
383	2018-03-18 12:42:22.140933	54	TCP
384	2018-03-18 12:42:22.141012	3564	TCP
385	2018-03-18 12:42:22.141120	54	TCP
386	2018-03-18 12:42:22.141124	54	TCP
387	2018-03-18 12:42:22.141127	54	TCP
388	2018-03-18 12:42:22.143351	459	DATA-TEXT-LINES
389	2018-03-18 12:42:22.143507	54	TCP
390	2018-03-18 12:42:26.069212	54	TCP
391	2018-03-18 12:42:26.069412	54	TCP
392	2018-03-18 12:42:26.069471	54	TCP
393	2018-03-18 12:42:26.069622	54	TCP
394	2018-03-18 12:42:26.069673	54	TCP
395	2018-03-18 12:42:26.069825	54	TCP
396	2018-03-18 12:42:26.069869	54	TCP
397	2018-03-18 12:42:26.070018	54	TCP
398	2018-03-18 12:42:27.048258	42	ARP
399	2018-03-18 12:42:27.048276	42	ARP
400	2018-03-18 12:42:36.074746	54	TCP
401	2018-03-18 12:42:36.074935	54	TCP
402	2018-03-18 12:42:46.075233	54	TCP
403	2018-03-18 12:42:46.075465	54	TCP
404	2018-03-18 12:43:10.853667	74	TCP
405	2018-03-18 12:43:10.853686	74	TCP
406	2018-03-18 12:43:10.853692	66	TCP
407	2018-03-18 12:43:10.853758	358	HTTP
408	2018-03-18 12:43:10.853770	66	TCP
409	2018-03-18 12:43:10.940312	7306	TCP
410	2018-03-18 12:43:10.940323	66	TCP
411	2018-03-18 12:43:10.940330	1826	TCP
412	2018-03-18 12:43:10.940332	66	TCP
413	2018-03-18 12:43:10.943891	66	TCP
414	2018-03-18 12:43:10.949407	2785	TCP
415	2018-03-18 12:43:10.949417	66	TCP
416	2018-03-18 12:43:10.951015	471	DATA-TEXT-LINES
417	2018-03-18 12:43:10.951023	66	TCP
418	2018-03-18 12:43:10.951236	66	TCP
419	2018-03-18 12:43:10.951239	66	TCP
420	2018-03-18 12:43:15.819081	74	TCP
421	2018-03-18 12:43:15.819099	74	TCP
422	2018-03-18 12:43:15.819105	66	TCP
423	2018-03-18 12:43:15.819160	358	HTTP
424	2018-03-18 12:43:15.819172	66	TCP
425	2018-03-18 12:43:15.905602	7306	TCP
426	2018-03-18 12:43:15.905613	66	TCP
427	2018-03-18 12:43:15.905621	1826	TCP
428	2018-03-18 12:43:15.905623	66	TCP
429	2018-03-18 12:43:15.905643	2785	TCP
430	2018-03-18 12:43:15.905646	66	TCP
431	2018-03-18 12:43:15.907189	471	DATA-TEXT-LINES
432	2018-03-18 12:43:15.907195	66	TCP
433	2018-03-18 12:43:15.907377	66	TCP
434	2018-03-18 12:43:15.911054	66	TCP
435	2018-03-18 12:43:15.911073	66	TCP
436	2018-03-18 12:43:20.997722	74	TCP
437	2018-03-18 12:43:20.997740	74	TCP
438	2018-03-18 12:43:20.997746	66	TCP
439	2018-03-18 12:43:20.997805	358	HTTP
440	2018-03-18 12:43:20.997816	66	TCP
441	2018-03-18 12:43:21.045628	7306	TCP
442	2018-03-18 12:43:21.045643	66	TCP
443	2018-03-18 12:43:21.045651	1826	TCP
444	2018-03-18 12:43:21.045654	66	TCP
445	2018-03-18 12:43:21.045678	2785	TCP
446	2018-03-18 12:43:21.045681	66	TCP
447	2018-03-18 12:43:21.047197	471	DATA-TEXT-LINES
448	2018-03-18 12:43:21.047205	66	TCP
449	2018-03-18 12:43:21.050772	66	TCP
450	2018-03-18 12:43:21.055355	66	TCP
451	2018-03-18 12:43:21.055366	66	TCP
452	2018-03-18 12:43:51.895322	74	TCP
453	2018-03-18 12:43:51.895340	74	TCP
454	2018-03-18 12:43:51.895345	66	TCP
455	2018-03-18 12:43:51.895408	969	URLENCODED-FORM
456	2018-03-18 12:43:51.895419	66	TCP
457	2018-03-18 12:43:51.954225	7306	TCP
458	2018-03-18 12:43:51.954238	66	TCP
459	2018-03-18 12:43:51.954245	1826	TCP
460	2018-03-18 12:43:51.954247	66	TCP
461	2018-03-18 12:43:51.954271	3649	TCP
462	2018-03-18 12:43:51.954274	66	TCP
463	2018-03-18 12:43:51.955920	471	DATA-TEXT-LINES
464	2018-03-18 12:43:51.955926	66	TCP
465	2018-03-18 12:43:51.959984	66	TCP
466	2018-03-18 12:43:51.965647	66	TCP
467	2018-03-18 12:43:51.965659	66	TCP
468	2018-03-18 12:43:54.210872	74	TCP
469	2018-03-18 12:43:54.210890	74	TCP
470	2018-03-18 12:43:54.210896	66	TCP
471	2018-03-18 12:43:54.210954	969	URLENCODED-FORM
472	2018-03-18 12:43:54.210965	66	TCP
473	2018-03-18 12:43:54.293532	7306	TCP
474	2018-03-18 12:43:54.293541	66	TCP
475	2018-03-18 12:43:54.293549	1826	TCP
476	2018-03-18 12:43:54.293551	66	TCP
477	2018-03-18 12:43:54.293574	3679	TCP
478	2018-03-18 12:43:54.293577	66	TCP
479	2018-03-18 12:43:54.295152	471	DATA-TEXT-LINES
480	2018-03-18 12:43:54.295156	66	TCP
481	2018-03-18 12:43:54.299565	66	TCP
482	2018-03-18 12:43:54.302881	66	TCP
483	2018-03-18 12:43:54.302889	66	TCP
484	2018-03-18 12:43:57.035030	74	TCP
485	2018-03-18 12:43:57.035049	74	TCP
486	2018-03-18 12:43:57.035054	66	TCP
487	2018-03-18 12:43:57.038065	974	URLENCODED-FORM
488	2018-03-18 12:43:57.038079	66	TCP
489	2018-03-18 12:43:57.110389	7306	TCP
490	2018-03-18 12:43:57.110407	66	TCP
491	2018-03-18 12:43:57.110419	1826	TCP
492	2018-03-18 12:43:57.110422	66	TCP
493	2018-03-18 12:43:57.110504	3654	TCP
494	2018-03-18 12:43:57.110511	66	TCP
495	2018-03-18 12:43:57.116765	471	DATA-TEXT-LINES
496	2018-03-18 12:43:57.116772	66	TCP
497	2018-03-18 12:43:57.120450	66	TCP
498	2018-03-18 12:43:57.123826	66	TCP
499	2018-03-18 12:43:57.123842	66	TCP
500	2018-03-18 12:44:06.664397	74	TCP
501	2018-03-18 12:44:06.664416	74	TCP
502	2018-03-18 12:44:06.664421	66	TCP
503	2018-03-18 12:44:06.664477	979	URLENCODED-FORM
504	2018-03-18 12:44:06.664488	66	TCP
505	2018-03-18 12:44:06.739355	7306	TCP
506	2018-03-18 12:44:06.739365	66	TCP
507	2018-03-18 12:44:06.739373	1826	TCP
508	2018-03-18 12:44:06.739375	66	TCP
509	2018-03-18 12:44:06.739396	3688	TCP
510	2018-03-18 12:44:06.739399	66	TCP
511	2018-03-18 12:44:06.744679	471	DATA-TEXT-LINES
512	2018-03-18 12:44:06.744686	66	TCP
513	2018-03-18 12:44:06.748152	66	TCP
514	2018-03-18 12:44:06.756320	66	TCP
515	2018-03-18 12:44:06.756332	66	TCP
516	2018-03-18 12:44:21.489961	74	TCP
517	2018-03-18 12:44:21.489979	74	TCP
518	2018-03-18 12:44:21.489985	66	TCP
519	2018-03-18 12:44:21.490042	1020	HTTP
520	2018-03-18 12:44:21.490054	66	TCP
521	2018-03-18 12:44:21.499991	322	TCP
522	2018-03-18 12:44:21.499998	66	TCP
523	2018-03-18 12:44:21.515452	66	TCP
524	2018-03-18 12:44:21.520157	66	TCP
525	2018-03-18 12:44:21.520180	66	TCP
526	2018-03-18 12:44:33.060255	74	TCP
527	2018-03-18 12:44:33.060274	74	TCP
528	2018-03-18 12:44:33.060279	66	TCP
529	2018-03-18 12:44:33.060337	1024	HTTP
530	2018-03-18 12:44:33.060349	66	TCP
531	2018-03-18 12:44:33.073307	206	TCP
532	2018-03-18 12:44:33.073315	66	TCP
533	2018-03-18 12:44:33.088073	66	TCP
534	2018-03-18 12:44:33.091634	66	TCP
535	2018-03-18 12:44:33.091652	66	TCP
536	2018-03-18 12:45:09.142534	74	TCP
537	2018-03-18 12:45:09.142553	74	TCP
538	2018-03-18 12:45:09.142558	66	TCP
539	2018-03-18 12:45:09.142614	1059	HTTP
540	2018-03-18 12:45:09.142626	66	TCP
541	2018-03-18 12:45:09.190997	74	TCP
542	2018-03-18 12:45:09.205613	54	TCP
543	2018-03-18 12:45:09.208705	320	TCP
544	2018-03-18 12:45:09.208717	66	TCP
545	2018-03-18 12:45:09.225819	66	TCP
546	2018-03-18 12:45:09.229382	66	TCP
547	2018-03-18 12:45:09.229399	66	TCP
548	2018-03-18 12:45:22.845903	74	TCP
549	2018-03-18 12:45:22.845921	74	TCP
550	2018-03-18 12:45:22.845926	66	TCP
551	2018-03-18 12:45:22.848523	1059	HTTP
552	2018-03-18 12:45:22.848541	66	TCP
553	2018-03-18 12:45:22.858607	74	TCP
554	2018-03-18 12:45:22.872383	58	TCP
555	2018-03-18 12:45:22.872442	54	TCP
556	2018-03-18 12:45:22.872610	172	HTTP
557	2018-03-18 12:45:22.872734	54	TCP
558	2018-03-18 12:45:24.423350	59	HTTP
559	2018-03-18 12:45:24.423537	54	TCP
560	2018-03-18 12:45:25.199485	58	HTTP
561	2018-03-18 12:45:25.199527	54	TCP
562	2018-03-18 12:45:26.245068	56	HTTP
563	2018-03-18 12:45:26.245189	54	TCP
564	2018-03-18 12:45:27.359595	56	HTTP
565	2018-03-18 12:45:27.359647	54	TCP
566	2018-03-18 12:45:27.864326	54	TCP
567	2018-03-18 12:45:27.865670	54	TCP
568	2018-03-18 12:45:27.865846	54	TCP
569	2018-03-18 12:45:27.866264	558	TCP
570	2018-03-18 12:45:27.866273	66	TCP
571	2018-03-18 12:45:27.882045	66	TCP
572	2018-03-18 12:45:27.885892	66	TCP
573	2018-03-18 12:45:27.885911	66	TCP
574	2018-03-18 12:45:47.157782	74	TCP
575	2018-03-18 12:45:47.157800	74	TCP
576	2018-03-18 12:45:47.157805	66	TCP
577	2018-03-18 12:45:47.160066	1032	HTTP
578	2018-03-18 12:45:47.160079	66	TCP
579	2018-03-18 12:45:47.175547	272	TCP
580	2018-03-18 12:45:47.175552	66	TCP
581	2018-03-18 12:45:47.186834	66	TCP
582	2018-03-18 12:45:47.190608	66	TCP
583	2018-03-18 12:45:47.190628	66	TCP
584	2018-03-18 12:46:02.837180	74	TCP
585	2018-03-18 12:46:02.837199	74	TCP
586	2018-03-18 12:46:02.837205	66	TCP
587	2018-03-18 12:46:02.837276	1032	HTTP
588	2018-03-18 12:46:02.837292	66	TCP
589	2018-03-18 12:46:02.841167	272	TCP
590	2018-03-18 12:46:02.846316	66	TCP
591	2018-03-18 12:46:02.861317	66	TCP
592	2018-03-18 12:46:02.864978	66	TCP
593	2018-03-18 12:46:02.864995	66	TCP
594	2018-03-18 12:46:03.444688	74	TCP
595	2018-03-18 12:46:03.444707	74	TCP
596	2018-03-18 12:46:03.444713	66	TCP
597	2018-03-18 12:46:03.444769	1032	HTTP
598	2018-03-18 12:46:03.444781	66	TCP
599	2018-03-18 12:46:03.448078	272	TCP
600	2018-03-18 12:46:03.450026	66	TCP
601	2018-03-18 12:46:03.476642	66	TCP
602	2018-03-18 12:46:03.480356	66	TCP
603	2018-03-18 12:46:03.480447	66	TCP
